{
  "_id": "5b79debdb62d55f24facdb24",
  "created_at": "Sun Aug 19 21:18:53 +0000 2018",
  "id": 1031289422409543700,
  "id_str": "1031289422409543680",
  "text": "RT @MDGonzales: Down go Cubs. Frazier hits walkoff HR in 11th on 3-0 pitch.",
  "source": "<a href=\"http://twitter.com\" rel=\"nofollow\">Twitter Web Client</a>",
  "truncated": false,
  "in_reply_to_status_id": null,
  "in_reply_to_status_id_str": null,
  "in_reply_to_user_id": null,
  "in_reply_to_user_id_str": null,
  "in_reply_to_screen_name": null,
  "user": {
    "id": 8859802,
    "id_str": "8859802",
    "name": "ChicagoSports",
    "screen_name": "ChicagoSports",
    "location": "Chicago",
    "url": "http://www.chicagotribune.com/sports/",
    "description": "Sports news, analysis and more from the @ChicagoTribune. Follow us on Facebook https://t.co/vGEu6MqZtP and Instagram https://t.co/Z4AK7lcQ40.",
    "translator_type": "none",
    "protected": false,
    "verified": true,
    "followers_count": 31932,
    "friends_count": 402,
    "listed_count": 982,
    "favourites_count": 47,
    "statuses_count": 141846,
    "created_at": "Thu Sep 13 18:40:03 +0000 2007",
    "utc_offset": null,
    "time_zone": null,
    "geo_enabled": false,
    "lang": "en",
    "contributors_enabled": false,
    "is_translator": false,
    "profile_background_color": "9AE4E8",
    "profile_background_image_url": "http://abs.twimg.com/images/themes/theme1/bg.png",
    "profile_background_image_url_https": "https://abs.twimg.com/images/themes/theme1/bg.png",
    "profile_background_tile": true,
    "profile_link_color": "991B1F",
    "profile_sidebar_border_color": "000000",
    "profile_sidebar_fill_color": "EEEEEE",
    "profile_text_color": "000000",
    "profile_use_background_image": true,
    "profile_image_url": "http://pbs.twimg.com/profile_images/542421980184444928/uTbAOVp9_normal.jpeg",
    "profile_image_url_https": "https://pbs.twimg.com/profile_images/542421980184444928/uTbAOVp9_normal.jpeg",
    "profile_banner_url": "https://pbs.twimg.com/profile_banners/8859802/1501164123",
    "default_profile": false,
    "default_profile_image": false,
    "following": null,
    "follow_request_sent": null,
    "notifications": null
  },
  "geo": null,
  "coordinates": null,
  "place": null,
  "contributors": null,
  "retweeted_status": {
    "created_at": "Sun Aug 19 21:18:38 +0000 2018",
    "id": 1031289358517715000,
    "id_str": "1031289358517714944",
    "text": "Down go Cubs. Frazier hits walkoff HR in 11th on 3-0 pitch.",
    "source": "<a href=\"http://twitter.com\" rel=\"nofollow\">Twitter Web Client</a>",
    "truncated": false,
    "in_reply_to_status_id": null,
    "in_reply_to_status_id_str": null,
    "in_reply_to_user_id": null,
    "in_reply_to_user_id_str": null,
    "in_reply_to_screen_name": null,
    "user": {
      "id": 22978329,
      "id_str": "22978329",
      "name": "Mark Gonzales",
      "screen_name": "MDGonzales",
      "location": "Chicago, IL",
      "url": "http://chicagotribune.com/sports",
      "description": "I'm the Cubs' beat writer for the Chicago Tribune.",
      "translator_type": "none",
      "protected": false,
      "verified": false,
      "followers_count": 38708,
      "friends_count": 1304,
      "listed_count": 1899,
      "favourites_count": 2658,
      "statuses_count": 57173,
      "created_at": "Thu Mar 05 21:02:11 +0000 2009",
      "utc_offset": null,
      "time_zone": null,
      "geo_enabled": true,
      "lang": "en",
      "contributors_enabled": false,
      "is_translator": false,
      "profile_background_color": "C0DEED",
      "profile_background_image_url": "http://abs.twimg.com/images/themes/theme1/bg.png",
      "profile_background_image_url_https": "https://abs.twimg.com/images/themes/theme1/bg.png",
      "profile_background_tile": false,
      "profile_link_color": "1DA1F2",
      "profile_sidebar_border_color": "C0DEED",
      "profile_sidebar_fill_color": "DDEEF6",
      "profile_text_color": "333333",
      "profile_use_background_image": true,
      "profile_image_url": "http://pbs.twimg.com/profile_images/1011737322134499328/P-N1n53y_normal.jpg",
      "profile_image_url_https": "https://pbs.twimg.com/profile_images/1011737322134499328/P-N1n53y_normal.jpg",
      "profile_banner_url": "https://pbs.twimg.com/profile_banners/22978329/1415246146",
      "default_profile": true,
      "default_profile_image": false,
      "following": null,
      "follow_request_sent": null,
      "notifications": null
    },
    "geo": null,
    "coordinates": null,
    "place": null,
    "contributors": null,
    "is_quote_status": false,
    "quote_count": 0,
    "reply_count": 1,
    "retweet_count": 2,
    "favorite_count": 0,
    "entities": {
      "hashtags": [],
      "urls": [],
      "user_mentions": [],
      "symbols": []
    },
    "favorited": false,
    "retweeted": false,
    "filter_level": "low",
    "lang": "en"
  },
  "is_quote_status": false,
  "quote_count": 0,
  "reply_count": 0,
  "retweet_count": 0,
  "favorite_count": 0,
  "entities": {
    "hashtags": [],
    "urls": [],
    "user_mentions": [
      {
        "screen_name": "MDGonzales",
        "name": "Mark Gonzales",
        "id": 22978329,
        "id_str": "22978329",
        "indices": [
          3,
          14
        ]
      }
    ],
    "symbols": []
  },
  "favorited": false,
  "retweeted": false,
  "filter_level": "low",
  "lang": "en",
  "timestamp_ms": "1534713533390"
}
